Datetime,Water Level (m)
2025-04-09 00:00:00,0.047680043
2025-04-09 01:00:00,0.09209348
2025-04-09 02:00:00,0.05621108
2025-04-09 03:00:00,-0.03347758
2025-04-09 04:00:00,-0.15741186
2025-04-09 05:00:00,-0.28010577
2025-04-09 06:00:00,-0.37683973
2025-04-09 07:00:00,-0.40711886
2025-04-09 08:00:00,-0.35130772
2025-04-09 09:00:00,-0.23189689
2025-04-09 10:00:00,-0.08382287
2025-04-09 11:00:00,0.069209136
2025-04-09 12:00:00,0.19441673
2025-04-09 13:00:00,0.23948835
2025-04-09 14:00:00,0.19455379
2025-04-09 15:00:00,0.07200569
2025-04-09 16:00:00,-0.0876525
2025-04-09 17:00:00,-0.26444948
2025-04-09 18:00:00,-0.41980824
2025-04-09 19:00:00,-0.50540125
2025-04-09 20:00:00,-0.49754998
2025-04-09 21:00:00,-0.405501
2025-04-09 22:00:00,-0.25673383
2025-04-09 23:00:00,-0.09096351
2025-04-10 00:00:00,0.06678565
2025-04-10 01:00:00,0.161099
2025-04-10 02:00:00,0.16550756
2025-04-10 03:00:00,0.08642373
2025-04-10 04:00:00,-0.04772895
2025-04-10 05:00:00,-0.19376817
2025-04-10 06:00:00,-0.33166507
2025-04-10 07:00:00,-0.41917157
2025-04-10 08:00:00,-0.41583824
2025-04-10 09:00:00,-0.31909642
2025-04-10 10:00:00,-0.17516045
2025-04-10 11:00:00,-0.00077631406
2025-04-10 12:00:00,0.15581565
2025-04-10 13:00:00,0.2579988
2025-04-10 14:00:00,0.26428488
2025-04-10 15:00:00,0.17000595
2025-04-10 16:00:00,0.008830693
2025-04-10 17:00:00,-0.18091549
2025-04-10 18:00:00,-0.36753163
2025-04-10 19:00:00,-0.50067925
2025-04-10 20:00:00,-0.536388
2025-04-10 21:00:00,-0.47332963
2025-04-10 22:00:00,-0.329303
2025-04-10 23:00:00,-0.15034162
2025-04-11 00:00:00,0.038459964
2025-04-11 01:00:00,0.19011943
2025-04-11 02:00:00,0.2512305
2025-04-11 03:00:00,0.20721076
2025-04-11 04:00:00,0.076056205
2025-04-11 05:00:00,-0.08280325
2025-04-11 06:00:00,-0.2485494
2025-04-11 07:00:00,-0.3830135
2025-04-11 08:00:00,-0.4368373
2025-04-11 09:00:00,-0.38985592
2025-04-11 10:00:00,-0.2691088
2025-04-11 11:00:00,-0.09818302
2025-04-11 12:00:00,0.07088369
2025-04-11 13:00:00,0.22467433
2025-04-11 14:00:00,0.2845477
2025-04-11 15:00:00,0.229714
2025-04-11 16:00:00,0.10158664
2025-04-11 17:00:00,-0.108352095
2025-04-11 18:00:00,-0.29743853
2025-04-11 19:00:00,-0.46731994
2025-04-11 20:00:00,-0.55771554
2025-04-11 21:00:00,-0.5513114
2025-04-11 22:00:00,-0.41728315
2025-04-11 23:00:00,-0.23682018
2025-04-12 00:00:00,-0.0294064
2025-04-12 01:00:00,0.15704723
2025-04-12 02:00:00,0.2733583
2025-04-12 03:00:00,0.2835171
2025-04-12 04:00:00,0.18077958
2025-04-12 05:00:00,0.020456567
2025-04-12 06:00:00,-0.1631161
2025-04-12 07:00:00,-0.3307301
2025-04-12 08:00:00,-0.43517545
2025-04-12 09:00:00,-0.45179886
2025-04-12 10:00:00,-0.36134505
2025-04-12 11:00:00,-0.1913488
2025-04-12 12:00:00,-0.0051952912
2025-04-12 13:00:00,0.15196036
2025-04-12 14:00:00,0.2513864
2025-04-12 15:00:00,0.28462246
2025-04-12 16:00:00,0.2018501
2025-04-12 17:00:00,0.07587213
2025-04-12 18:00:00,-0.094790064
2025-04-12 19:00:00,-0.23903355
2025-04-12 20:00:00,-0.37748995
2025-04-12 21:00:00,-0.4094005
2025-04-12 22:00:00,-0.32269484
2025-04-12 23:00:00,-0.17414638
2025-04-13 00:00:00,0.032157898
2025-04-13 01:00:00,0.2463644
2025-04-13 02:00:00,0.4008443
2025-04-13 03:00:00,0.462323
2025-04-13 04:00:00,0.42354044
2025-04-13 05:00:00,0.29034764
2025-04-13 06:00:00,0.0917878
2025-04-13 07:00:00,-0.09533825
2025-04-13 08:00:00,-0.2485837
2025-04-13 09:00:00,-0.32687104
2025-04-13 10:00:00,-0.30207384
2025-04-13 11:00:00,-0.17223573
2025-04-13 12:00:00,-0.0046469904
2025-04-13 13:00:00,0.1633323
2025-04-13 14:00:00,0.2722565
2025-04-13 15:00:00,0.32765752
2025-04-13 16:00:00,0.27333343
2025-04-13 17:00:00,0.110781096
2025-04-13 18:00:00,-0.09017939
2025-04-13 19:00:00,-0.30714035
2025-04-13 20:00:00,-0.46668932
2025-04-13 21:00:00,-0.55054605
2025-04-13 22:00:00,-0.5291241
2025-04-13 23:00:00,-0.39576617
2025-04-14 00:00:00,-0.18863834
2025-04-14 01:00:00,0.032715138
2025-04-14 02:00:00,0.22410193
2025-04-14 03:00:00,0.3358137
2025-04-14 04:00:00,0.33809477
2025-04-14 05:00:00,0.23901789
2025-04-14 06:00:00,0.060578264
2025-04-14 07:00:00,-0.14417443
2025-04-14 08:00:00,-0.31392944
2025-04-14 09:00:00,-0.42163587
2025-04-14 10:00:00,-0.4480689
2025-04-14 11:00:00,-0.37242883
2025-04-14 12:00:00,-0.20659211
2025-04-14 13:00:00,-0.023291595
2025-04-14 14:00:00,0.12657556
2025-04-14 15:00:00,0.21837398
2025-04-14 16:00:00,0.2075745
2025-04-14 17:00:00,0.08832528
2025-04-14 18:00:00,-0.10561101
2025-04-14 19:00:00,-0.31516176
2025-04-14 20:00:00,-0.49812868
2025-04-14 21:00:00,-0.6205746
2025-04-14 22:00:00,-0.63759637
2025-04-14 23:00:00,-0.5422895
2025-04-15 00:00:00,-0.3679269
